"Read Details",Részletek,module,Magento_AdminNotification
"Mark as Read","Megjelölés olvasottként",module,Magento_AdminNotification
"Are you sure?","Biztos vagy benne?",module,Magento_AdminNotification
Remove,Eltávolítás,module,Magento_AdminNotification
"Messages Inbox","Beérkezett üzenetek",module,Magento_AdminNotification
"You have %1 new system messages","%1 új rendszer üzenet",module,Magento_AdminNotification
"You have %1 new system message","%1 új rendszer üzenet",module,Magento_AdminNotification
"Incoming Message","Bejövő üzenet",module,Magento_AdminNotification
close,bezárás,module,Magento_AdminNotification
Notifications,Értesítések,module,Magento_AdminNotification
"The message has been marked as Read.","Az üzenet megjelölve olvasottként.",module,Magento_AdminNotification
"We couldn't mark the notification as Read because of an error.","Az értesítés megjelölése olvasottként egy hiba miatt sikertelen.",module,Magento_AdminNotification
"Please select messages.","Kérlek, válasszd ki az üzeneteket.",module,Magento_AdminNotification
"A total of %1 record(s) have been marked as Read.","Összesen %1 rekord megjelölve olvasottként.",module,Magento_AdminNotification
"Total of %1 record(s) have been removed.","Összesen %1 rekord eltávolítva.",module,Magento_AdminNotification
"We couldn't remove the messages because of an error.","Az üzenetek törlése egy hiba miatt sikertelen.",module,Magento_AdminNotification
"The message has been removed.","Az üzenet törölve.",module,Magento_AdminNotification
"1 Hour","1 óra",module,Magento_AdminNotification
"2 Hours","2 óra",module,Magento_AdminNotification
"6 Hours","6 óra",module,Magento_AdminNotification
"12 Hours","12 óra",module,Magento_AdminNotification
"24 Hours","24 óra",module,Magento_AdminNotification
critical,kritikus,module,Magento_AdminNotification
major,súlyos,module,Magento_AdminNotification
minor,elhanyagolható,module,Magento_AdminNotification
notice,figyelmeztetés,module,Magento_AdminNotification
"Wrong message type","Rossz üzenet típus",module,Magento_AdminNotification
"Please go to <a href=""%1"">Cache Management</a> and refresh cache types.","Kérlek, látogass el a <a href=""%1"">Gyorsítótár kezelése</a> oldalra és frissítsd a gyorsítótár típusokat.",module,Magento_AdminNotification
"Close popup","Felugró ablak bezárása",module,Magento_AdminNotification
Close,Bezárás,module,Magento_AdminNotification
"Critical System Messages","Kritikus rendszerüzenetek",module,Magento_AdminNotification
"Major System Messages","Fontos rendszerüzenetek",module,Magento_AdminNotification
"System messages",Rendszerüzenetek,module,Magento_AdminNotification
"Please choose a payment method.","Kérjük válasszon egy fizetési módot.",module,Magento_Authorizenet
refund,visszatérítés,module,Magento_Authorizenet
"Gateway error: %1","Átjáró hiba: %1",module,Magento_Authorizenet
"Expiration Date","Lejárat dátuma",module,Magento_Authorizenet
"Cache Storage Management","Gyorsítótárak kezelése",module,Magento_Backend
"Flush Magento Cache","Magento gyorsítótár ürítése",module,Magento_Backend
"Flush Cache Storage","Gyorsítótár ürítése",module,Magento_Backend
Orders,Rendelések,module,Magento_Backend
Bestsellers,Bestsellerek,module,Magento_Backend
"Most Viewed Products","Legnépszerűbb termékek",module,Magento_Backend
"New Customers","Új vásárlók",module,Magento_Backend
Customers,Vásárlók,module,Magento_Backend
Customer,Vásárló,module,Magento_Backend
Guest,Vendég,module,Magento_Backend
Average,Átlagos,module,Magento_Backend
Product,Termék,module,Magento_Backend
Price,Ár,module,Magento_Backend
Quantity,Mennyiség,module,Magento_Backend
Revenue,Bevétel,module,Magento_Backend
Tax,Adó,module,Magento_Backend
Shipping,Szállítás,module,Magento_Backend
"Images (.gif, .jpg, .png)","Képek (.gif, .jpg, .png)",module,Magento_Backend
"Media (.avi, .flv, .swf)","Média (.avi, .flv, .swf)",module,Magento_Backend
"All Files","Minden fájl",module,Magento_Backend
"What is this?","Mi ez?",module,Magento_Backend
"My Account","Saját fiók",module,Magento_Backend
"Account Information","Felhasználói fiók adatai",module,Magento_Backend
"User Name","Felhasználói név",module,Magento_Backend
"First Name",Keresztnév,module,Magento_Backend
"Last Name",Vezetéknév,module,Magento_Backend
"New Password","Új jelszó",module,Magento_Backend
Refresh,Frissítés,module,Magento_Backend
Back,Vissza,module,Magento_Backend
Delete,Törlés,module,Magento_Backend
"Are you sure?","Biztos benne?",module,Magento_Backend
Save,Mentés,module,Magento_Backend
Cancel,Mégse,module,Magento_Backend
Yes,Igen,module,Magento_Backend
No,Nem ,module,Magento_Backend
Name,Név,module,Magento_Backend
Status,Állapot,module,Magento_Backend
"Set as Default","Beállítás alapértelmezettként",module,Magento_Backend
Home,Kezdőlap,module,Magento_Backend
Search,Keresés,module,Magento_Backend
Any,Bármely,module,Magento_Backend
"All Countries","Összes ország",module,Magento_Backend
"[ deleted ]","[ törölve ]",module,Magento_Backend
"Select All","Összes kijelölése",module,Magento_Backend
Export,Exportálás,module,Magento_Backend
Dashboard,Vezérlőpult,module,Magento_Backend
Error,Hiba,module,Magento_Backend
System,Rendszer,module,Magento_Backend
"Last 7 Days","Utolsó 7 nap",module,Magento_Backend
"Current Month","Aktuális hónap",module,Magento_Backend
"Access denied","Hozzáférés megtagadva",module,Magento_Backend
password,jelszó,module,Magento_Backend
"Top Search Terms","Legnépszerűbb keresési kifejezések",module,Magento_Backend
Close,Bezárás,module,Magento_Backend
Previous,Előző,module,Magento_Backend
Next, Következő,module,Magento_Backend
Hour,Óra,module,Magento_Backend
Minute,Perc,module,Magento_Backend
"Previous page","Előző oldal",module,Magento_Backend
"Next page","Következő oldal",module,Magento_Backend
Actions,Műveletek,module,Magento_Backend
"Mass Actions","Tömeges műveletek",module,Magento_Backend
"Unselect All","Összes kijelölés megszüntetése",module,Magento_Backend
Loading...,Betöltés...,module,Magento_Backend
Backups,"Biztonsági mentések",module,Magento_Backup
System,Rendszer,module,Magento_Backup
Tools,Eszközök,module,Magento_Backup
Backup,"Biztonsági mentés",module,Magento_Backup
successful,sikeres,module,Magento_Backup
Database,Adatbázis,module,Magento_Backup
"Database and Media","Adatbázis és média",module,Magento_Backup
Country,Ország,module,Magento_Braintree
"Add Rule","Szabály hozzáadása",module,Magento_Braintree
"Stored Card","Tárolt kártya",module,Magento_Braintree
"Credit card successfully added","Hitelkártya sikeresen hozzáadva",module,Magento_Braintree
"Delete Credit Card","Bankkártya törlése",module,Magento_Braintree
"Credit card successfully deleted","Bankkártya sikeresen törölve.",module,Magento_Braintree
"Edit Credit Card","Bankkártya módosítása",module,Magento_Braintree
"My Credit Cards",Bankkártyáim,module,Magento_Braintree
"There was error during saving card data","Hiba történt a kártya adatainak mentése közben.",module,Magento_Braintree
"Payment Information","Fizetési információk",module,Magento_Braintree
"Expiration Date","Lejárat dátuma",module,Magento_Braintree
Delete,Törlés,module,Magento_Braintree
Back,Vissza,module,Magento_Braintree
"What is this?","Mi ez?",module,Magento_Braintree
"Billing Address","Számlázási cím",module,Magento_Braintree
"First Name",Keresztnév,module,Magento_Braintree
"Last Name",Vezetéknév,module,Magento_Braintree
Company,Cég,module,Magento_Braintree
City,Város,module,Magento_Braintree
State/Province,Állam/megye,module,Magento_Braintree
Type,Típus,module,Magento_Braintree
Actions,Műveletek,module,Magento_Braintree
Yes,Igen,module,Magento_Braintree
No,Nem ,module,Magento_Braintree
Edit,Szerkesztés,module,Magento_Braintree
Dynamic,Dinamikus,module,Magento_Bundle
Fixed,Rögzített,module,Magento_Bundle
Close,Bezárás,module,Magento_Bundle
ID,Azonosító,module,Magento_Bundle
Product,Termék,module,Magento_Bundle
SKU,Cikkszám,module,Magento_Bundle
Price,Ár,module,Magento_Bundle
Delete,Törlés,module,Magento_Bundle
"Use Default Value","Alapértelmezett érték használata",module,Magento_Bundle
"Price Range",Ártartomány,module,Magento_Bundle
Percent,Százalék,module,Magento_Bundle
None,"Egyik sem",module,Magento_Bundle
Required,Kötelező,module,Magento_Bundle
Default,Alapértelmezett,module,Magento_Bundle
Name,Név,module,Magento_Bundle
"Default Quantity","Alapértelmezett mennyiség",module,Magento_Bundle
"User Defined","Felhasználó által definiált",module,Magento_Bundle
Ordered,Megrendelt,module,Magento_Bundle
Invoiced,Számlázott,module,Magento_Bundle
Shipped,Szállított,module,Magento_Bundle
Refunded,Visszatérített,module,Magento_Bundle
Canceled,Törölve,module,Magento_Bundle
Availability,Elérhetőség,module,Magento_Bundle
"In stock",Raktáron,module,Magento_Bundle
"Out of stock","Nincs raktáron",module,Magento_Bundle
Summary,Összefoglaló,module,Magento_Bundle
Availability:,Elérhetőség:,module,Magento_Bundle
"Customize %1","%1 testreszabása",module,Magento_Bundle
Always,Mindig,module,Magento_Captcha
"Incorrect CAPTCHA","Érvénytelen CAPTCHA",module,Magento_Captcha
"Incorrect CAPTCHA.","Érvénytelen CAPTCHA.",module,Magento_Captcha
"<strong>Attention</strong>: Captcha is case sensitive.","<strong>Figyelem</strong>: A CAPTCHA kis- és nagybetű érzékeny.",module,Magento_Captcha
"Reload captcha","CAPTCHA újratöltése",module,Magento_Captcha
"Please type the letters below","Kérlek, írd be a betűket alább",module,Magento_Captcha
"Customer Group","Vásárlói csoport",module,Magento_CatalogInventory
"Minimum Qty","Minimális mennyiség",module,Magento_CatalogInventory
"Add Minimum Qty","Minimális mennyiség hozzáadása",module,Magento_CatalogInventory
"This product is out of stock.","Ez a termék nincs készleten.",module,Magento_CatalogInventory
"In Stock",Raktáron,module,Magento_CatalogInventory
"Out of Stock","Nincs raktáron",module,Magento_CatalogInventory
"Add New Rule","Új szabály hozzáadása",module,Magento_CatalogRule
"Apply Rules","Szabályok alkalmazása",module,Magento_CatalogRule
"Save and Apply","Mentés és alkalmazás",module,Magento_CatalogRule
"Save and Continue Edit","Mentés és szerkesztés folytatása",module,Magento_CatalogRule
"New Rule","Új szabály",module,Magento_CatalogRule
Actions,Műveletek,module,Magento_CatalogRule
Apply,Alkalmazás,module,Magento_CatalogRule
No,Nem ,module,Magento_CatalogRule
Yes,Igen,module,Magento_CatalogRule
Conditions,Feltételek,module,Magento_CatalogRule
Description,Leírás,module,Magento_CatalogRule
Status,Állapot,module,Magento_CatalogRule
"Customer Groups","Vásárlói csoportok",module,Magento_CatalogRule
ID,Azonosító,module,Magento_CatalogRule
Type,Típus,module,Magento_CatalogRule
SKU,Cikkszám,module,Magento_CatalogRule
Product,Termék,module,Magento_CatalogRule
"New Catalog Price Rule","Új katalógus árszabály",module,Magento_CatalogRule
"Edit Rule","Szabály szerkesztése",module,Magento_CatalogRule
Catalog,Katalógus,module,Magento_CatalogRule
Home,Kezdőlap,module,Magento_CatalogSearch
All,Összes,module,Magento_CatalogSearch
Yes,Igen,module,Magento_CatalogSearch
No,Nem ,module,Magento_CatalogSearch
Grid,Rács,module,Magento_CatalogSearch
List,Lista,module,Magento_CatalogSearch
"Search Settings","Keresési beállítások",module,Magento_CatalogSearch
Search,Keresés,module,Magento_CatalogSearch
name,név,module,Magento_CatalogSearch
"Save Category","Kategória mentése",module,Magento_Catalog
"Delete Category","Kategória törlése",module,Magento_Catalog
Reset,Alaphelyzet,module,Magento_Catalog
"New Subcategory","Új alkategória",module,Magento_Catalog
ID,Azonosító,module,Magento_Catalog
Name,Név,module,Magento_Catalog
SKU,Cikkszám,module,Magento_Catalog
Price,Ár,module,Magento_Catalog
Position,Pozició,module,Magento_Catalog
"Add Subcategory","Alkategória hozzáadása",module,Magento_Catalog
Day,Nap,module,Magento_Catalog
Month,Hónap,module,Magento_Catalog
Year,Év,module,Magento_Catalog
"WYSIWYG Editor","WYSIWYG szerkesztő",module,Magento_Catalog
label,címke,module,Magento_Catalog
"Product Attributes",Termékjellemzők,module,Magento_Catalog
"Save and Continue Edit","Mentés és szerkesztés folytatása",module,Magento_Catalog
"Save Attribute","Jellemző mentése",module,Magento_Catalog
"Edit Product Attribute ""%1""","""%1"" termék jellemző szerkesztése",module,Magento_Catalog
"New Product Attribute","Új termékjellemző",module,Magento_Catalog
"Default Value","Alapértelmezett érték",module,Magento_Catalog
"Unique Value","Egyedi érték",module,Magento_Catalog
Gallery,Galéria,module,Magento_Catalog
No,Nem ,module,Magento_Catalog
Yes,Igen,module,Magento_Catalog
Visible,Látható,module,Magento_Catalog
Searchable,Kereshető,module,Magento_Catalog
Comparable,Összehasonlítható,module,Magento_Catalog
"Delete Selected Group","Kijelölt csoport törlése",module,Magento_Catalog
"Add New","Új hozzáadása",module,Magento_Catalog
Back,Vissza,module,Magento_Catalog
Delete,Törlés,module,Magento_Catalog
Save,Mentés,module,Magento_Catalog
"New Set Name","Új csoport neve",module,Magento_Catalog
Empty,Üres,module,Magento_Catalog
"Add Attribute","Jellemző hozzáadása",module,Magento_Catalog
"Add New Group","Új csoport hozzáadása",module,Magento_Catalog
"Add Group","Csoport hozzáadása",module,Magento_Catalog
"For internal use","Belső használatra",module,Magento_Catalog
"Add New Attribute Set","Új jellemző csoport létrehozása",module,Magento_Catalog
"Attribute Sets","Jellemző csoportok",module,Magento_Catalog
"Close Window","Ablak bezárása",module,Magento_Catalog
"New Product","Új termék",module,Magento_Catalog
"Save & Edit","Mentés & szerkesztés",module,Magento_Catalog
"Save & New","Mentés & új",module,Magento_Catalog
"Save & Duplicate","Mentés & duplikálás",module,Magento_Catalog
"Save & Close","Mentés & bezárás",module,Magento_Catalog
Attributes,Jellemzők,module,Magento_Catalog
Change,Módosítás,module,Magento_Catalog
Websites,Honlapok,module,Magento_Catalog
"Products Information","Termék információk",module,Magento_Catalog
"Category Name","Kategória neve",module,Magento_Catalog
"Parent Category",Szülőkategória,module,Magento_Catalog
"First Name",Keresztnév,module,Magento_Catalog
"Last Name",Vezetéknév,module,Magento_Catalog
Type,Típus,module,Magento_Catalog
Status,Állapot,module,Magento_Catalog
Visibility,Láthatóság,module,Magento_Catalog
Import,Importálás,module,Magento_Catalog
"Add New Row","Új sor hozzáadása",module,Magento_Catalog
"Delete Row","Sor törlése",module,Magento_Catalog
"Default Price","Alapértelmezett ár",module,Magento_Catalog
"Default Values","Alapértelmezett értékek",module,Magento_Catalog
"Related Products","Kapcsolódó termékek",module,Magento_Catalog
Quantity,Mennyiség,module,Magento_Catalog
Edit,Szerkesztés,module,Magento_Catalog
"Are you sure?","Biztos benne?",module,Magento_Catalog
"Images (.gif, .jpg, .png)","Képek (.gif, .jpg, .png)",module,Magento_Catalog
"Inc. Tax",Adóval,module,Magento_Catalog
Product,Termék,module,Magento_Catalog
Home,Kezdőlap,module,Magento_Catalog
None,"Egyik sem",module,Magento_Catalog
"New Products","Új termékek",module,Magento_Catalog
Categories,Kategóriák,module,Magento_Catalog
"Manage Categories","Kategóriák kezelése",module,Magento_Catalog
Products,Termékek,module,Magento_Catalog
Grid,Rács,module,Magento_Catalog
List,Lista,module,Magento_Catalog
All,Összes,module,Magento_Catalog
Fixed,Rögzített,module,Magento_Catalog
Percent,Százalék,module,Magento_Catalog
Search,Keresés,module,Magento_Catalog
"Catalog, Search","Katalógus, keresés",module,Magento_Catalog
"Use Default Value","Alapértelmezett érték használata",module,Magento_Catalog
"Manage Stock","Készlet kezelése",module,Magento_Catalog
"In Stock",Raktáron,module,Magento_Catalog
"Out of Stock","Nincs raktáron",module,Magento_Catalog
Required,Kötelező,module,Magento_Catalog
Title,Cím,module,Magento_Catalog
Action,Akció,module,Magento_Catalog
"Alt Text","Alt szöveg",module,Magento_Catalog
"Basic Settings",Alapbeállítások,module,Magento_Catalog
"Advanced Settings","Haladó beállítások",module,Magento_Catalog
"Mass Actions","Tömeges műveletek",module,Magento_Catalog
"Select All","Összes kijelölése",module,Magento_Catalog
"Unselect All","Összes kijelölés megszüntetése",module,Magento_Catalog
"Compare Products","Termékek összehasonlítása",module,Magento_Catalog
"Print This Page","Oldal nyomtatása",module,Magento_Catalog
"Remove Product","Termék eltávolítása",module,Magento_Catalog
"Add to Cart","Hozzáadás a kosárhoz",module,Magento_Catalog
"In stock",Raktáron,module,Magento_Catalog
"Out of stock","Nincs raktáron",module,Magento_Catalog
"You have no items to compare.","Nincs összehasonlítható termék.",module,Magento_Catalog
Compare,Összehasonlítás,module,Magento_Catalog
Next, Következő,module,Magento_Catalog
"Sort By",Rendezés,module,Magento_Catalog
Loading...,Betöltés...,module,Magento_Catalog
Availability,Elérhetőség,module,Magento_Catalog
"Terms and Conditions","Általános Szerződési Feltételek",module,Magento_CheckoutAgreements
"Add New Condition","Új feltétel hozzáadása",module,Magento_CheckoutAgreements
"Save Condition","Feltétel mentése",module,Magento_CheckoutAgreements
"Delete Condition","Feltétel törlése",module,Magento_CheckoutAgreements
"Edit Terms and Conditions","Általános Szerződési Feltételek szerkesztése",module,Magento_CheckoutAgreements
"New Terms and Conditions","Új Általános Szerződési Feltételek",module,Magento_CheckoutAgreements
"Terms and Conditions Information","Általános Szerződési Feltételek információ",module,Magento_CheckoutAgreements
"Condition Name","Feltétel neve",module,Magento_CheckoutAgreements
Status,Állapot,module,Magento_CheckoutAgreements
Enabled,Engedélyezett,module,Magento_CheckoutAgreements
Disabled,Tiltott,module,Magento_CheckoutAgreements
"Show Content as","Tartalom megjelenítése mint",module,Magento_CheckoutAgreements
Text,Szöveg,module,Magento_CheckoutAgreements
"Store View","Webáruház nézet",module,Magento_CheckoutAgreements
"Checkbox Text","Jelölőnégyzet szöveg",module,Magento_CheckoutAgreements
Content,Tartalom,module,Magento_CheckoutAgreements
"Content Height (css)","Tartalom magasság (css)",module,Magento_CheckoutAgreements
"Content Height","Tartalom magasság",module,Magento_CheckoutAgreements
ID,Azonosító,module,Magento_CheckoutAgreements
Condition,Feltétel,module,Magento_CheckoutAgreements
"Checkout Conditions","Fizetési feltételek",module,Magento_CheckoutAgreements
"Something went wrong  while deleting this condition.","Hiba történt a feltétel törlése közben.",module,Magento_CheckoutAgreements
"Edit Condition","Feltétel szerkesztése",module,Magento_CheckoutAgreements
"New Condition","Új feltétel",module,Magento_CheckoutAgreements
"Something went wrong while saving this condition.","Hiba történt a feltétel mentése közben.",module,Magento_CheckoutAgreements
"Shopping Cart",Kosár,module,Magento_Checkout
City,Város,module,Magento_Checkout
Country,Ország,module,Magento_Checkout
State/Province,Állam/megye,module,Magento_Checkout
"Zip/Postal Code",Irányítószám,module,Magento_Checkout
"My Cart (1 item)","Kosár (1 termék)",module,Magento_Checkout
"My Cart (%1 items)","Kosár (%1 termék)",module,Magento_Checkout
"My Cart",Kosaram,module,Magento_Checkout
"Minimum order amount is %1","Minimális rendelési összeg %1",module,Magento_Checkout
"The coupon code ""%1"" is not valid.","""%1"" kuponkód érvénytelen.",module,Magento_Checkout
"We cannot apply the coupon code.","Kuponkód érvényesítése sikertelen.",module,Magento_Checkout
Checkout,Fizetés,module,Magento_Checkout
"Please agree to all the terms and conditions before placing the order.","Kérjük, fogadd el az összes általános szerződési feltételt mielőtt leadsz egy rendelést.",module,Magento_Checkout
"The product does not exist.","A termék nem létezik.",module,Magento_Checkout
"Invalid data","Érvénytelen adat",module,Magento_Checkout
"The customer address is not valid.","A vásárló címe érvénytelen.",module,Magento_Checkout
"Invalid shipping method","Érvénytelen szállítási mód",module,Magento_Checkout
Item,Elem,module,Magento_Checkout
Price,Ár,module,Magento_Checkout
Qty,Mennyiség,module,Magento_Checkout
Subtotal,Részösszeg,module,Magento_Checkout
"Continue Shopping","Vásárlás folytatása",module,Magento_Checkout
"Clear Shopping Cart","Kosár kiürítése",module,Magento_Checkout
"Update Shopping Cart","Kosár frissítése",module,Magento_Checkout
"Update Cart","Kosár frissítése",module,Magento_Checkout
"What's this?","Mi ez?",module,Magento_Checkout
Edit,Szerkesztés,module,Magento_Checkout
"Remove item","Elem eltávolítása",module,Magento_Checkout
"Estimate Shipping and Tax","Becsült szállítás és adó",module,Magento_Checkout
"Excl. Tax","Adó nélkül",module,Magento_Checkout
Loading...,Betöltés...,module,Magento_Checkout
"Proceed to Checkout","Tovább a pénztárhoz",module,Magento_Checkout
"Product Name",Terméknév,module,Magento_Checkout
"Incl. Tax",Adóval,module,Magento_Checkout
"Add New Block","Új blokk hozzáadása",module,Magento_Cms
"Save Block","Blokk mentése",module,Magento_Cms
"Delete Block","Blokk törlése",module,Magento_Cms
"Save and Continue Edit","Mentés és szerkesztés folytatása",module,Magento_Cms
Status,Állapot,module,Magento_Cms
Enabled,Engedélyezett,module,Magento_Cms
Disabled,Tiltott,module,Magento_Cms
Content,Tartalom,module,Magento_Cms
ID,Azonosító,module,Magento_Cms
Title,Cím,module,Magento_Cms
"Manage Pages","Oldalak kezelése",module,Magento_Cms
"Delete Page","Oldal törlése",module,Magento_Cms
Layout,Elrendezés,module,Magento_Cms
Description,Leírás,module,Magento_Cms
Action,Akció,module,Magento_Cms
Preview,Előnézet,module,Magento_Cms
"Media Storage",Médiatár,module,Magento_Cms
"Delete Folder","Mappa törlése",module,Magento_Cms
"Delete File","Fájl törlése",module,Magento_Cms
"New Folder Name:","Új könyvtár neve:",module,Magento_Cms
"Images (%1)","Képek (%1)",module,Magento_Cms
Home,Kezdőlap,module,Magento_Cms
Price,Ár,module,Magento_ConfigurableProduct
Quantity,Mennyiség,module,Magento_ConfigurableProduct
Name,Név,module,Magento_ConfigurableProduct
SKU,Cikkszám,module,Magento_ConfigurableProduct
Weight,Súly,module,Magento_ConfigurableProduct
Cancel,Mégse,module,Magento_ConfigurableProduct
"* Required Fields","* kitöltése kötelező",module,Magento_Contact
Name,Név,module,Magento_Contact
Submit,Beküldés,module,Magento_Contact
Daily,Napi,module,Magento_Cron
Weekly,Heti,module,Magento_Cron
Monthly,Havi,module,Magento_Cron
Reset,Alaphelyzet,module,Magento_CurrencySymbol
Import,Importálás,module,Magento_CurrencySymbol
System,Rendszer,module,Magento_CurrencySymbol
"You have not set a default shipping address.","Nem állított be alapértelmezett szállítási címet.",module,Magento_Customer
"You have not set a default billing address.","Nem állított be alapértelmezett számlázási címet.",module,Magento_Customer
"Address Book",Címjegyzék,module,Magento_Customer
"Edit Address","Cím szerkesztése",module,Magento_Customer
"Add New Address","Új cím hozzáadása",module,Magento_Customer
region,régió,module,Magento_Customer
"Create Order","Rendelés létrehozása",module,Magento_Customer
"Save Customer","Vásárló mentése",module,Magento_Customer
"Delete Customer","Vásárló törlése",module,Magento_Customer
"Reset Password","Jelszó visszaállítása",module,Magento_Customer
"New Customer","Új vásárló",module,Magento_Customer
"Save and Continue Edit","Mentés és szerkesztés folytatása",module,Magento_Customer
Back,Vissza,module,Magento_Customer
"Please select","Kérem válasszon",module,Magento_Customer
ID,Azonosító,module,Magento_Customer
Product,Termék,module,Magento_Customer
SKU,Cikkszám,module,Magento_Customer
Quantity,Mennyiség,module,Magento_Customer
Price,Ár,module,Magento_Customer
Total,Összesen,module,Magento_Customer
Action,Akció,module,Magento_Customer
Configure,Konfigurálás,module,Magento_Customer
Delete,Törlés,module,Magento_Customer
Newsletter,Hírlevél,module,Magento_Customer
"Newsletter Information","Hírlevél információk",module,Magento_Customer
"No Newsletter Found","Nem található hírlevél",module,Magento_Customer
"Start date","Kezdő dátum",module,Magento_Customer
Subject,Tárgy,module,Magento_Customer
Status,Állapot,module,Magento_Customer
Sent,Elküldve,module,Magento_Customer
Cancel,Mégse,module,Magento_Customer
Sending,Küldés,module,Magento_Customer
Paused,Szüneteltetve,module,Magento_Customer
View,Megnéz,module,Magento_Customer
Unknown,Ismeretlen,module,Magento_Customer
Order,Rendelés,module,Magento_Customer
"Bill-to Name","Számlázási név",module,Magento_Customer
"Ship-to Name","Szállítási név",module,Magento_Customer
"Order Total","Rendelés végösszege",module,Magento_Customer
Qty,Mennyiség,module,Magento_Customer
Confirmed,Megerősítve,module,Magento_Customer
"Confirmation Required","Megerősítés szükséges",module,Magento_Customer
Indeterminate,Meghatározatlan,module,Magento_Customer
"The customer does not have default billing address.","Az ügyfél nem rendelkezik alapértelmezett számlázási címmel.",module,Magento_Customer
Offline,"Nem elérhető",module,Magento_Customer
Never,Soha,module,Magento_Customer
"Deleted Stores","Törölt üzletek",module,Magento_Customer
"Add Date","Dátum hozzáadása",module,Magento_Customer
No,Nem ,module,Magento_Customer
Yes,Igen,module,Magento_Customer
"Delete File","Fájl törlése",module,Magento_Customer
Download,Letöltés,module,Magento_Customer
"Delete Image","Kép törlése",module,Magento_Customer
"View Full Size","Teljes méret",module,Magento_Customer
"All countries","Összes ország",module,Magento_Customer
"Customer Groups","Vevői csoportok",module,Magento_Customer
"Add New Customer Group","Új vevői csoport hozzáadása",module,Magento_Customer
"Save Customer Group","Vevői csoport mentése",module,Magento_Customer
"New Customer Group","Új vevői csoport",module,Magento_Customer
"Group Information","Csoport információ",module,Magento_Customer
"Group Name","Csoport neve",module,Magento_Customer
"Maximum length must be less then %1 symbols","Maximális hossz kevesebb mint %1 szimbólum kell legyen",module,Magento_Customer
"Customer Login",Belépés,module,Magento_Customer
"Date of Birth","Születési dátum",module,Magento_Customer
"Wrong email.","Hibás email cím.",module,Magento_Customer
"Your password reset link has expired.","Az új jelszó link érvényessége lejárt.",module,Magento_Customer
"Invalid input","Érvénytelen adat",module,Magento_Customer
"My Account","Saját fiók",module,Magento_Customer
Customers,Vásárlók,module,Magento_Customer
"New Group","Új csoport",module,Magento_Customer
"New Customer Groups","Új vevői csoport",module,Magento_Customer
"Edit Group","Csoport szerkesztése",module,Magento_Customer
"Edit Customer Groups","Vevői csoportok szerkesztése",module,Magento_Customer
"Please select customer(s).","Kérjük, válassza ki a vevőket.",module,Magento_Customer
"You deleted the customer.","Vevő törölve.",module,Magento_Customer
"Manage Customers","Vevők kezelése",module,Magento_Customer
"You saved the customer.","Vásárló elmentve.",module,Magento_Customer
"Billing Address","Számlázási cím",module,Magento_Customer
"Shipping Address","Szállítási cím",module,Magento_Customer
"Please correct this email address: ""%1"".","Kérjük javítsa ki az e-mail címet: ""%1"".",module,Magento_Customer
Edit,Szerkesztés,module,Magento_Customer
Customer,Vásárló,module,Magento_Customer
Change,Módosítás,module,Magento_Customer
"Default Shipping Address","Alapértelmezett szállítási cím",module,Magento_Customer
or,vagy,module,Magento_Customer
"Change Billing Address","Számlázási cím módosítása",module,Magento_Customer
"Change Shipping Address","Szállítási cím módosítása",module,Magento_Customer
Company,Cég,module,Magento_Customer
Address,Cím,module,Magento_Customer
City,Város,module,Magento_Customer
State/Province,Állam/megye,module,Magento_Customer
"Zip/Postal Code",Irányítószám,module,Magento_Customer
Country,Ország,module,Magento_Customer
"Use as my default shipping address","Alapértelmezett szállítási cím használata",module,Magento_Customer
"New Password","Új jelszó",module,Magento_Customer
Save,Mentés,module,Magento_Customer
Submit,Beküldés,module,Magento_Customer
Password,Jelszó,module,Magento_Customer
Login,Bejelentkezés,module,Magento_Customer
"New Customers","Új vásárlók",module,Magento_Customer
Name,Név,module,Magento_Customer
"Tax/VAT number",Adószám,module,Magento_Customer
"Client side less compilation","Kliens oldali LESS fordítás",module,Magento_Developer
"Server side less compilation","Szerver oldali LESS fordítás",module,Magento_Developer
"Wrong Content Type","Hibás tartalomtípus",module,Magento_Dhl
Pounds,Font,module,Magento_Dhl
Kilograms,Kilogramm,module,Magento_Dhl
Inches,Inch,module,Magento_Dhl
Centimeters,Centiméter,module,Magento_Dhl
Height,Magasság,module,Magento_Dhl
Depth,Mélység,module,Magento_Dhl
Width,Szélesség,module,Magento_Dhl
"Express envelope","Express boríték",module,Magento_Dhl
"Customer services",Ügyfélszolgálat,module,Magento_Dhl
"Freight worldwide","Szállítás világszerte",module,Magento_Dhl
"DHL service is not available at %s date","DHL szolgáltatás nem áll rendelkezésre %s időpontban",module,Magento_Dhl
"Error #%1 : %2","Hiba #%1: %2",module,Magento_Dhl
Documents,Dokumentumok,module,Magento_Dhl
"Height, width and length should be equal or greater than %1","A magasságnak, szélességnek és hosszúságnak nagyobb vagy egyenlőnek kell lennie mint %1",module,Magento_Dhl
"Wrong Region","Hibás régió",module,Magento_Dhl
None,"Egyik sem",module,Magento_Dhl
State/Province,Állam/megye,module,Magento_Directory
"--Please Select--","--Kérem válasszon--",module,Magento_Directory
label,címke,module,Magento_Directory
WARNING:,FIGYELMEZTETÉS:,module,Magento_Directory
Currency,Pénznem,module,Magento_Directory
"Upload Files","Fájlok feltöltése",module,Magento_Downloadable
"All Files","Minden fájl",module,Magento_Downloadable
Unlimited,Korlátlan,module,Magento_Downloadable
"My Downloadable Products","Letölthető termékek",module,Magento_Downloadable
Invoiced,Számlázott,module,Magento_Downloadable
Title,Cím,module,Magento_Downloadable
"Use Default Value","Alapértelmezett érték használata",module,Magento_Downloadable
Price,Ár,module,Magento_Downloadable
File,Fájl,module,Magento_Downloadable
Delete,Törlés,module,Magento_Downloadable
SKU,Cikkszám,module,Magento_Downloadable
Availability,Elérhetőség,module,Magento_Downloadable
"In stock",Raktáron,module,Magento_Downloadable
"Out of stock","Nincs raktáron",module,Magento_Downloadable
Date,Dátum,module,Magento_Downloadable
Status,Állapot,module,Magento_Downloadable
"You have not purchased any downloadable products yet.","Még nem vásárolt letölthető terméket.",module,Magento_Downloadable
Back,Vissza,module,Magento_Downloadable
Ordered,Megrendelt,module,Magento_Downloadable
Shipped,Szállított,module,Magento_Downloadable
Canceled,Törölve,module,Magento_Downloadable
Refunded,Visszatérített,module,Magento_Downloadable
"Default Value","Alapértelmezett érték",module,Magento_Eav
"Unique Value","Egyedi érték",module,Magento_Eav
Required,Kötelező,module,Magento_Eav
Yes,Igen,module,Magento_Eav
No,Nem ,module,Magento_Eav
System,Rendszer,module,Magento_Eav
None,"Egyik sem",module,Magento_Eav
"Integer Number","Egész szám",module,Magento_Eav
Letters,Betűk,module,Magento_Eav
Date,Dátum,module,Magento_Eav
Yes/No,Igen/Nem,module,Magento_Eav
Dropdown,"Legördülő lista",module,Magento_Eav
"Add New Template","Új sablon hozzáadása",module,Magento_Email
Back,Vissza,module,Magento_Email
Reset,Alaphelyzet,module,Magento_Email
"Delete Template","Sablon törlése",module,Magento_Email
"Convert to Plain Text","Egyszerű szöveges üzenetté konvertálás",module,Magento_Email
"Preview Template","Sablon előnézet",module,Magento_Email
"Save Template","Sablon mentése",module,Magento_Email
"Load Template","Sablon betöltése",module,Magento_Email
"Edit Email Template","Email sablon szerkesztése",module,Magento_Email
"New Email Template","Új Email sablon",module,Magento_Email
"Template Information","Sablon információk",module,Magento_Email
"Template Name","Sablon neve",module,Magento_Email
"Template Subject","Sablon tárgya",module,Magento_Email
"Insert Variable...","Változó beszúrása...",module,Magento_Email
"Template Content","Sablon tartalma",module,Magento_Email
"Template Styles","Sablon stílusa",module,Magento_Email
Preview,Előnézet,module,Magento_Email
Unknown,Ismeretlen,module,Magento_Email
"Edit Template","Sablon szerkesztése",module,Magento_Email
"Edit System Template","Rendszersablon szerkesztése",module,Magento_Email
"New Template","Új sablon",module,Magento_Email
"New System Template","Új rendszersablon",module,Magento_Email
"Email Templates","Email sablonok",module,Magento_Email
"Email Preview","Email előnézet",module,Magento_Email
"This email template no longer exists.","Ez az email sablon már nem létezik.",module,Magento_Email
"General Contact Name","Általános kapcsolattartó neve",module,Magento_Email
"General Contact Email","Általános kapcsolattartó email címe",module,Magento_Email
"Sales Representative Contact Name","Értékesítési képviselő neve",module,Magento_Email
"Sales Representative Contact Email","Értékesítési képviselő email címe",module,Magento_Email
"Custom1 Contact Name","Egyéni1 kapcsolattartó neve",module,Magento_Email
"Custom1 Contact Email","Egyéni1 kapcsolattartó email címe",module,Magento_Email
"Custom2 Contact Name","Egyéni2 kapcsolattartó neve",module,Magento_Email
"Custom2 Contact Email","Egyéni2 kapcsolattartó email címe",module,Magento_Email
"Store Name","Webáruház neve",module,Magento_Email
"Store Phone Number","Webáruház telefonszáma",module,Magento_Email
Country,Ország,module,Magento_Email
Region/State,Régió/állam,module,Magento_Email
"Zip/Postal Code",Irányítószám,module,Magento_Email
City,Város,module,Magento_Email
"Template Variables","Sablon változók",module,Magento_Email
"Load default template","Alapértelmezett sablon betöltése",module,Magento_Email
Template,Sablon,module,Magento_Email
No,Nem ,module,Magento_EncryptionKey
Yes,Igen,module,Magento_EncryptionKey
"2 Day","2 nap",module,Magento_Fedex
"Home Delivery",Házhozszállítás,module,Magento_Fedex
"FedEx Envelope","FedEx boríték",module,Magento_Fedex
Adult,Felnőtt,module,Magento_Fedex
None,"Egyik sem",module,Magento_Fedex
Message,Üzenet,module,Magento_GiftMessage
Cancel,Mégse,module,Magento_GiftMessage
"Gift Options","Ajándék beállítások",module,Magento_GiftMessage
Dynamic,Dinamikus,module,Magento_GoogleAdwords
Availability:,Elérhetőség:,module,Magento_GroupedProduct
"Out of stock","Nincs raktáron",module,Magento_GroupedProduct
ID,Azonosító,module,Magento_GroupedProduct
SKU,Cikkszám,module,Magento_GroupedProduct
Price,Ár,module,Magento_GroupedProduct
Qty,Mennyiség,module,Magento_GroupedProduct
Name,Név,module,Magento_GroupedProduct
"Default Qty","Alapértelmezett mennyiség",module,Magento_GroupedProduct
Availability,Elérhetőség,module,Magento_GroupedProduct
"In stock",Raktáron,module,Magento_GroupedProduct
Export,Exportálás,module,Magento_ImportExport
Filter,Szűrés,module,Magento_ImportExport
Import,Importálás,module,Magento_ImportExport
Status,Állapot,module,Magento_ImportExport
"Reindex required","Újraindexelése szükséges",module,Magento_Indexer
Ready,Kész,module,Magento_Indexer
Never,Soha,module,Magento_Indexer
Integrations,Integrációk,module,Magento_Integration
"Add New Integration","Új integráció hozzáadása",module,Magento_Integration
Save,Mentés,module,Magento_Integration
"Save & Activate","Mentés & aktiválás",module,Magento_Integration
"New Integration","Új integráció",module,Magento_Integration
"Edit Integration '%1'","'%1' integráció szerkesztése",module,Magento_Integration
Name,Név,module,Magento_Integration
"Basic Settings",Alapbeállítások,module,Magento_Integration
Remove,Eltávolítás,module,Magento_Integration
Edit,Szerkesztés,module,Magento_Integration
No,Nem ,module,Magento_LayeredNavigation
Position,Pozició,module,Magento_LayeredNavigation
Previous,Előző,module,Magento_LayeredNavigation
"Clear All","Összes törlése",module,Magento_LayeredNavigation
"Shopping Options","Vásárlási beállítások",module,Magento_LayeredNavigation
"Platinum Partners","Platina partnerek",module,Magento_Marketplace
"Featured Platinum Partners","Kiemelt platina partnerek",module,Magento_Marketplace
"More Partners","További partnerek",module,Magento_Marketplace
"Read More",Bővebben,module,Magento_Marketplace
"File system",Fájlrendszer,module,Magento_MediaStorage
"Change Billing Address","Számlázási cím módosítása",module,Magento_Multishipping
"Billing Information - %1","Számlázási információk - %1",module,Magento_Multishipping
"Review Order - %1","Rendelés áttekintése - %1",module,Magento_Multishipping
Total,Összesen,module,Magento_Multishipping
"Shipping Methods","Szállítási módok",module,Magento_Multishipping
"Edit Address","Cím szerkesztése",module,Magento_Multishipping
"Edit Billing Address","Számlázási cím szerkesztése",module,Magento_Multishipping
"Edit Shipping Address","Szállítási cím szerkesztése",module,Magento_Multishipping
"Create Billing Address","Számlázási cím létrehozása",module,Magento_Multishipping
"Create Shipping Address","Szállítási cím létrehozása",module,Magento_Multishipping
"Select Addresses","Címek kiválasztása",module,Magento_Multishipping
"Shipping Information","Szállítási információk",module,Magento_Multishipping
"Billing Information","Számlázási információk",module,Magento_Multishipping
"Default Billing","Alapértelmezett számlázás",module,Magento_Multishipping
"Default Shipping","Alapértelmezett szállítás",module,Magento_Multishipping
"Select Address","Cím kiválasztása",module,Magento_Multishipping
"Add New Address","Új cím hozzáadása",module,Magento_Multishipping
"Back to Billing Information","Vissza a számlázási információkhoz",module,Magento_Multishipping
Product,Termék,module,Magento_Multishipping
Qty,Mennyiség,module,Magento_Multishipping
"Remove Item","Elem eltávolítása",module,Magento_Multishipping
"Remove item","Elem eltávolítása",module,Magento_Multishipping
"Billing Address","Számlázási cím",module,Magento_Multishipping
Change,Módosítás,module,Magento_Multishipping
"Payment Method","Fizetési mód",module,Magento_Multishipping
"Back to Shipping Information","Vissza a szállítási információkhoz",module,Magento_Multishipping
"Shipping Method","Szállítási mód",module,Magento_Multishipping
"Incl. Tax",Adóval,module,Magento_Multishipping
Price,Ár,module,Magento_Multishipping
Subtotal,Részösszeg,module,Magento_Multishipping
"Grand Total:",Mindösszesen:,module,Magento_Multishipping
"Continue to Billing Information","Tovább a számlázási információkhoz",module,Magento_Multishipping
"Thank you for your purchase!","Köszönjük a vásárlást!",module,Magento_Multishipping
"Continue Shopping","Vásárlás folytatása",module,Magento_Multishipping
Back,Vissza,module,Magento_Newsletter
Reset,Alaphelyzet,module,Magento_Newsletter
"Save Newsletter","Hírlevél mentése",module,Magento_Newsletter
"View Newsletter","Hírlevél megtekintése",module,Magento_Newsletter
"Edit Newsletter","Hírlevél szerkesztése",module,Magento_Newsletter
Subject,Tárgy,module,Magento_Newsletter
"Sender Name","Feladó neve",module,Magento_Newsletter
Message,Üzenet,module,Magento_Newsletter
Cancel,Mégse,module,Magento_Newsletter
Preview,Előnézet,module,Magento_Newsletter
"Newsletter Templates","Hírlevél sablonok",module,Magento_Newsletter
"Save As","Mentés másként",module,Magento_Newsletter
"Save Template","Sablon mentése",module,Magento_Newsletter
"Template Name","Sablon neve",module,Magento_Newsletter
"No Templates Found","Nem találhatóak sablonok",module,Magento_Newsletter
ID,Azonosító,module,Magento_Newsletter
Action,Akció,module,Magento_Newsletter
Cancelled,Törölve,module,Magento_Newsletter
Country,Ország,module,Magento_OfflineShipping
Region/State,Régió/állam,module,Magento_OfflineShipping
"Zip/Postal Code",Irányítószám,module,Magento_OfflineShipping
"Shipping Price","Szállítási költség",module,Magento_OfflineShipping
None,"Egyik sem",module,Magento_OfflineShipping
"Duplicate Row #%1 (Country ""%2"", Region/State ""%3"", Zip ""%4"" and Value ""%5"")","Ismétlődő sor #%1 (ország ""%2"", régió/állam ""%3"", irányítószám ""%4"" és érték ""%5"")",module,Magento_OfflineShipping
"Free Shipping","Ingyenes szállítás",module,Magento_OfflineShipping
No,Nem ,module,Magento_OfflineShipping
"Built-in Application (Not Recommended for Production Use)","Beépített alkalmazás (Éles használatra nem javasolt)",module,Magento_PageCache
"Varnish Caching","Varnish gyorstárazás",module,Magento_PageCache
Month,Hónap,module,Magento_Payment
Year,Év,module,Magento_Payment
Discount,Kedvezmény,module,Magento_Payment
Shipping,Szállítás,module,Magento_Payment
"All Allowed Countries","Minden engedélyezett ország",module,Magento_Payment
Yes,Igen,module,Magento_Payment
No,Nem ,module,Magento_Payment
"--Please Select--","--Kérem válasszon--",module,Magento_Payment
"What is this?","Mi ez?",module,Magento_Payment
ID,Azonosító,module,Magento_Paypal
"First Name",Keresztnév,module,Magento_Paypal
"Last Name",Vezetéknév,module,Magento_Paypal
Status,Állapot,module,Magento_Paypal
Back,Vissza,module,Magento_Paypal
Cancel,Mégse,module,Magento_Paypal
"General Information","Általános információ",module,Magento_Paypal
Configure,Konfigurálás,module,Magento_Paypal
Close,Bezárás,module,Magento_Paypal
"Incl. Tax",Adóval,module,Magento_Paypal
"Billing Information","Számlázási információk",module,Magento_Paypal
"Shipping Information","Szállítási információk",module,Magento_Paypal
Canceled,Törölve,module,Magento_Paypal
Dynamic,Dinamikus,module,Magento_Paypal
Yes,Igen,module,Magento_Paypal
No,Nem ,module,Magento_Paypal
Custom,Egyedi,module,Magento_Paypal
"--Please Select--","--Kérem válasszon--",module,Magento_Paypal
Customer,Vásárló,module,Magento_Paypal
Status:,Állapot:,module,Magento_Paypal
Date,Dátum,module,Magento_Paypal
"Payment Method","Fizetési mód",module,Magento_Paypal
"Shipping Method","Szállítási mód",module,Magento_Paypal
"Update Shipping Method","Szállítási mód frissítése",module,Magento_Paypal
"Shipping Address","Szállítási cím",module,Magento_Paypal
Edit,Szerkesztés,module,Magento_Paypal
Price,Ár,module,Magento_Paypal
"Welcome, %1!","Üdvözlet %1!",module,Magento_Persistent
"Remember Me","Emlékezz rám",module,Magento_Persistent
Price:,Ár:,module,Magento_ProductAlert
"New Video","Új videó",module,Magento_ProductVideo
"Grand Total",Mindösszesen,module,Magento_Quote
"Shipping & Handling (%1)","Szállítás & kezelés (%1)",module,Magento_Quote
"Shipping & Handling","Szállítás & kezelés",module,Magento_Quote
Shipping,Szállítás,module,Magento_Quote
Subtotal,Részösszeg,module,Magento_Quote
Discount,Kedvezmény,module,Magento_Quote
Tax,Adó,module,Magento_Quote
Day,Nap,module,Magento_Reports
Month,Hónap,module,Magento_Reports
Year,Év,module,Magento_Reports
Yes,Igen,module,Magento_Reports
No,Nem ,module,Magento_Reports
Refresh,Frissítés,module,Magento_Reports
Product,Termék,module,Magento_Reports
SKU,Cikkszám,module,Magento_Reports
Unlimited,Korlátlan,module,Magento_Reports
"Low stock","Alacsony készlet",module,Magento_Reports
"Most Viewed",Legnézettebb,module,Magento_Reports
Price,Ár,module,Magento_Reports
"Refresh Statistics","Statisztika frissítése",module,Magento_Reports
"Customers Reviews",Vélemények,module,Magento_Reports
Customer,Vásárló,module,Magento_Reports
Title,Cím,module,Magento_Reports
Discount,Kedvezmény,module,Magento_Reports
Orders,Rendelések,module,Magento_Reports
Invoiced,Számlázott,module,Magento_Reports
Refunded,Visszatérített,module,Magento_Reports
Tax,Adó,module,Magento_Reports
Shipping,Szállítás,module,Magento_Reports
Canceled,Törölve,module,Magento_Reports
Products,Termékek,module,Magento_Reports
Quantity,Mennyiség,module,Magento_Reports
Customers,Vásárlók,module,Magento_Reports
ID,Azonosító,module,Magento_Reports
"First Name",Keresztnév,module,Magento_Reports
"Last Name",Vezetéknév,module,Magento_Reports
Name,Név,module,Magento_Reports
"Shipping Report","Szállítási jelentés",module,Magento_Reports
"Shopping Cart",Kosár,module,Magento_Reports
Bestsellers,Bestsellerek,module,Magento_Reports
"Add to Cart","Hozzáadás a kosárhoz",module,Magento_Reports
"In stock",Raktáron,module,Magento_Reports
"Out of stock","Nincs raktáron",module,Magento_Reports
"Save Review","Vélemény mentése",module,Magento_Review
Product,Termék,module,Magento_Review
Status,Állapot,module,Magento_Review
Visibility,Láthatóság,module,Magento_Review
Previous,Előző,module,Magento_Review
Next, Következő,module,Magento_Review
"Delete Review","Vélemény törlése",module,Magento_Review
Administrator,Adminisztrátor,module,Magento_Review
Guest,Vendég,module,Magento_Review
ID,Azonosító,module,Magento_Review
Title,Cím,module,Magento_Review
Type,Típus,module,Magento_Review
SKU,Cikkszám,module,Magento_Review
Action,Akció,module,Magento_Review
Edit,Szerkesztés,module,Magento_Review
Delete,Törlés,module,Magento_Review
"Are you sure?","Biztos benne?",module,Magento_Review
Customer,Vásárló,module,Magento_Review
"All Reviews","Összes vélemény",module,Magento_Review
Name,Név,module,Magento_Review
Price,Ár,module,Magento_Review
Quantity,Mennyiség,module,Magento_Review
"Default Value","Alapértelmezett érték",module,Magento_Review
Back,Vissza,module,Magento_Review
Summary,Összefoglaló,module,Magento_Review
Apply,Alkalmazás,module,Magento_Rule
"equals or less than","egyenlő vagy kisebb mint",module,Magento_Rule
"less than","kisebb, mint",module,Magento_Rule
Add,Hozzáadás,module,Magento_Rule
Remove,Eltávolítás,module,Magento_Rule
TRUE,IGAZ,module,Magento_Rule
Category,Kategória,module,Magento_Rule
"Cart Price Rules","Kosár árszabályok",module,Magento_SalesRule
"Add New Rule","Új szabály hozzáadása",module,Magento_SalesRule
"Save and Continue Edit","Mentés és szerkesztés folytatása",module,Magento_SalesRule
"New Rule","Új szabály",module,Magento_SalesRule
Actions,Műveletek,module,Magento_SalesRule
Apply,Alkalmazás,module,Magento_SalesRule
Yes,Igen,module,Magento_SalesRule
No,Nem ,module,Magento_SalesRule
Conditions,Feltételek,module,Magento_SalesRule
"Coupon Code",Kuponkód,module,Magento_SalesRule
Delete,Törlés,module,Magento_SalesRule
Description,Leírás,module,Magento_SalesRule
Status,Állapot,module,Magento_SalesRule
ID,Azonosító,module,Magento_SalesRule
Rule,Szabály,module,Magento_SalesRule
"Edit Rule","Szabály szerkesztése",module,Magento_SalesRule
Discount,Kedvezmény,module,Magento_SalesRule
"Special Price","Akciós ár",module,Magento_SalesRule
"Payment Method","Fizetési mód",module,Magento_SalesRule
"Shipping Method","Szállítási mód",module,Magento_SalesRule
"Credit Memos",Jóváírások,module,Magento_Sales
Orders,Rendelések,module,Magento_Sales
Invoices,Számlák,module,Magento_Sales
"Create New Order","Új rendelés létrehozása",module,Magento_Sales
Cancel,Mégse,module,Magento_Sales
"Billing Address","Számlázási cím",module,Magento_Sales
"Payment Method","Fizetési mód",module,Magento_Sales
Coupons,Kuponok,module,Magento_Sales
"Create New Customer","Új vásárló létrehozása",module,Magento_Sales
Message,Üzenet,module,Magento_Sales
Configure,Konfigurálás,module,Magento_Sales
ID,Azonosító,module,Magento_Sales
Product,Termék,module,Magento_Sales
SKU,Cikkszám,module,Magento_Sales
Price,Ár,module,Magento_Sales
Quantity,Mennyiség,module,Magento_Sales
"Shipping Address","Szállítási cím",module,Magento_Sales
"Shipping Method","Szállítási mód",module,Magento_Sales
"Shopping Cart",Kosár,module,Magento_Sales
"Shipping Refund","Szállítási visszatérítés",module,Magento_Sales
Print,Nyomtatás,module,Magento_Sales
Edit,Szerkesztés,module,Magento_Sales
Invoice,Számla,module,Magento_Sales
Any,Bármely,module,Magento_Sales
Yes,Igen,module,Magento_Sales
No,Nem ,module,Magento_Sales
Back,Vissza,module,Magento_Sales
"Back to My Orders","Vissza a rendelésekhez",module,Magento_Sales
Home,Kezdőlap,module,Magento_Sales
Guest,Vendég,module,Magento_Sales
Refunded,Visszatérített,module,Magento_Sales
Canceled,Törölve,module,Magento_Sales
Ordered,Megrendelt,module,Magento_Sales
Shipped,Szállított,module,Magento_Sales
Invoiced,Számlázott,module,Magento_Sales
"Shipping Method:","Szállítási mód:",module,Magento_Sales
Title,Cím,module,Magento_Sales
Products,Termékek,module,Magento_Sales
"Excl. Tax","Adó nélkül",module,Magento_Sales
"Incl. Tax",Adóval,module,Magento_Sales
City,Város,module,Magento_Sales
Company,Cég,module,Magento_Sales
Country,Ország,module,Magento_Sales
"First Name",Keresztnév,module,Magento_Sales
"Last Name",Vezetéknév,module,Magento_Sales
State/Province,Állam/megye,module,Magento_Sales
"Zip/Postal Code",Irányítószám,module,Magento_Sales
Customer,Vásárló,module,Magento_Sales
"Apply Coupon Code","Kuponkód alkalmazása",module,Magento_Sales
Apply,Alkalmazás,module,Magento_Sales
"Remove Coupon Code","Kuponkód eltávolítása",module,Magento_Sales
Remove,Eltávolítás,module,Magento_Sales
"Add New Address","Új cím hozzáadása",module,Magento_Sales
Action,Akció,module,Magento_Sales
"Total %1 product(s)","Összesen %1 termék",module,Magento_Sales
Refresh,Frissítés,module,Magento_Sales
Item,Elem,module,Magento_Sales
"Payment Information","Fizetési információk",module,Magento_Sales
"Shipping Information","Szállítási információk",module,Magento_Sales
Status,Állapot,module,Magento_Sales
Date,Dátum,module,Magento_Sales
Close,Bezárás,module,Magento_Sales
"Add to Cart","Hozzáadás a kosárhoz",module,Magento_Sales
Name,Név,module,Magento_SendFriend
"* Required Fields","* kitöltése kötelező",module,Magento_SendFriend
Back,Vissza,module,Magento_SendFriend
"Add Tracking Number","Nyomkövetési szám hozzáadása",module,Magento_Shipping
"Custom Value","Egyéni érték",module,Magento_Shipping
"Send Tracking Information","Nyomkövetési információk küldése",module,Magento_Shipping
Print,Nyomtatás,module,Magento_Shipping
"Create Shipping Label...","Szállítási címke létrehozása...",module,Magento_Shipping
"Print Shipping Label","Szállítási címke nyomtatása",module,Magento_Shipping
"Back to My Orders","Vissza a rendelésekhez",module,Magento_Shipping
"Tracking Information","Nyomkövetési információk",module,Magento_Shipping
Package,Csomag,module,Magento_Shipping
Type,Típus,module,Magento_Shipping
Width,Szélesség,module,Magento_Shipping
Height,Magasság,module,Magento_Shipping
Size,Méret,module,Magento_Shipping
Product,Termék,module,Magento_Shipping
Weight,Súly,module,Magento_Shipping
"Qty Ordered","Rendelt mennyiség",module,Magento_Shipping
Fixed,Rögzített,module,Magento_Shipping
Percent,Százalék,module,Magento_Shipping
"Payment Information","Fizetési információk",module,Magento_Shipping
"Shipping Information","Szállítási információk",module,Magento_Shipping
"Incl. Tax",Adóval,module,Magento_Shipping
"Create Shipping Label","Szállítási címke létrehozása",module,Magento_Shipping
"Select All","Összes kijelölése",module,Magento_Shipping
Delete,Törlés,module,Magento_Shipping
"Create Packages","Csomagok létrehozása",module,Magento_Shipping
Cancel,Mégse,module,Magento_Shipping
"Add Package","Csomag hozzáadása",module,Magento_Shipping
"Delete Package","Csomag törlése",module,Magento_Shipping
Carrier,Szállító,module,Magento_Shipping
Title,Cím,module,Magento_Shipping
Action,Akció,module,Magento_Shipping
"Are you sure?","Biztos benne?",module,Magento_Shipping
"Shipping &amp; Handling Information","Szállítási &amp; kezelési információk",module,Magento_Shipping
"Shipping and Tracking Information","Szállítási és nyomkövetési információk",module,Magento_Shipping
"Tracking Number(s):","Nyomkövetési szám(ok):",module,Magento_Shipping
SKU,Cikkszám,module,Magento_Shipping
"Tracking Number:","Nyomkövetési szám:",module,Magento_Shipping
Carrier:,Szállító:,module,Magento_Shipping
Error:,Hiba:,module,Magento_Shipping
Status:,Állapot:,module,Magento_Shipping
Weight:,Súly:,module,Magento_Shipping
Location,Hely,module,Magento_Shipping
Date,Dátum,module,Magento_Shipping
"Local Time","Helyi idő",module,Magento_Shipping
Description,Leírás,module,Magento_Shipping
"Close Window","Ablak bezárása",module,Magento_Shipping
"Save & Generate","Mentés & generálás",module,Magento_Sitemap
"Edit Sitemap","Oldaltérkép szerkesztése",module,Magento_Sitemap
"New Sitemap","Új oldaltérkép",module,Magento_Sitemap
Sitemap,Oldaltérkép,module,Magento_Sitemap
Filename,Fájlnév,module,Magento_Sitemap
"example: sitemap.xml","például: sitemap.xml",module,Magento_Sitemap
"XML Sitemap","XML oldaltérkép",module,Magento_Sitemap
"Site Map",Oldaltérkép,module,Magento_Sitemap
Daily,Napi,module,Magento_Sitemap
Weekly,Heti,module,Magento_Sitemap
Monthly,Havi,module,Magento_Sitemap
Yearly,Éves,module,Magento_Sitemap
None,"Egyik sem",module,Magento_Sitemap
All,Összes,module,Magento_Sitemap
"Name is required","Név megadása kötelező",module,Magento_Store
"All Store Views","Minden webáruház nézet",module,Magento_Store
Language,Nyelv,module,Magento_Store
"Select Store","Webáruház kiválasztása",module,Magento_Store
"Tax Identifier",Adóazonosító,module,Magento_Tax
"Zip/Post Code",Irányítószám,module,Magento_Tax
Country,Ország,module,Magento_Tax
"Add New Tax Rate","Új adókulcs hozzáadása",module,Magento_Tax
Back,Vissza,module,Magento_Tax
Reset,Alaphelyzet,module,Magento_Tax
"Manage Tax Rules","Adószabályok kezelése",module,Magento_Tax
"Add New Tax Rule","Új adószabály hozzáadása",module,Magento_Tax
"Save Rule","Szabály mentése",module,Magento_Tax
"Delete Rule","Szabály törlése",module,Magento_Tax
"Save and Continue Edit","Mentés és szerkesztés folytatása",module,Magento_Tax
Name,Név,module,Magento_Tax
"Tax Rate",Adókulcs,module,Magento_Tax
Priority,Prioritás,module,Magento_Tax
"Subtotal (Incl.Tax)","Részösszeg (adóval)",module,Magento_Tax
"Grand Total (Excl.Tax)","Végösszeg (adó nélkül)",module,Magento_Tax
Tax,Adó,module,Magento_Tax
"Manage Tax Rates","Adókulcsok kezelése",module,Magento_Tax
"New Tax Rate","Új adókulcs",module,Magento_Tax
"Edit Tax Rate","Adókulcs szerkesztése",module,Magento_Tax
"Tax Rules",Adószabályok,module,Magento_Tax
"New Tax Rule","Új adószabály",module,Magento_Tax
"Edit Rule","Szabály szerkesztése",module,Magento_Tax
"New Rule","Új szabály",module,Magento_Tax
"Shipping Address","Szállítási cím",module,Magento_Tax
"Billing Address","Számlázási cím",module,Magento_Tax
"No (price without tax)","Nem (ár, adó nélkül)",module,Magento_Tax
"Yes (only price with tax)","Igen (csak ár, adóval)",module,Magento_Tax
"Both (without and with tax)","Mindkettő (adó nélkül és adóval)",module,Magento_Tax
"Shipping (Excl. Tax)","Szállítás (Adó nélkül)",module,Magento_Tax
"Shipping (Incl. Tax)","Szállítás (Adóval)",module,Magento_Tax
"Unit Price",Egységár,module,Magento_Tax
"Excluding Tax","Adó nélkül",module,Magento_Tax
"Including Tax",Adóval,module,Magento_Tax
None,"Egyik sem",module,Magento_Tax
"Including and Excluding Tax","Adóval és adó nélkül",module,Magento_Tax
product,termék,module,Magento_Tax
"Incl. Tax",Adóval,module,Magento_Tax
"Excl. Tax","Adó nélkül",module,Magento_Tax
Note:,Megjegyzés:,module,Magento_Tax
Save,Mentés,module,Magento_Tax
Themes,Témák,module,Magento_Theme
"Save and Continue Edit","Mentés és szerkesztés folytatása",module,Magento_Theme
"Are you sure you want to delete this theme?","Biztosan törölni akarod ezt a témát?",module,Magento_Theme
"Theme: %1","Téma: %1",module,Magento_Theme
"New Theme","Új téma",module,Magento_Theme
"Theme CSS","Téma CSS",module,Magento_Theme
"Custom CSS","Egyéni CSS",module,Magento_Theme
Manage,Kezelés,module,Magento_Theme
"Upload Images","Képek feltöltése",module,Magento_Theme
"Upload Fonts","Betűtípus feltöltése",module,Magento_Theme
"Edit custom.css","Custom.css szerkesztése",module,Magento_Theme
"CSS Editor","CSS szerkesztő",module,Magento_Theme
"Theme Settings","Téma beállítások",module,Magento_Theme
"Theme Path","Téma elérési útja",module,Magento_Theme
"Theme Title","Téma címe",module,Magento_Theme
General,Általános,module,Magento_Theme
"Copy of %1","%1 másolata",module,Magento_Theme
"JS Editor","JS szerkesztő",module,Magento_Theme
Theme,Téma,module,Magento_Theme
"Media Storage",Médiatár,module,Magento_Theme
"Create Folder","Mappa létrehozása",module,Magento_Theme
"Delete Folder","Mappa törlése",module,Magento_Theme
"Delete File","Fájl törlése",module,Magento_Theme
"Insert File","Fájl beszúrása",module,Magento_Theme
"New Folder Name:","Új mappanév:",module,Magento_Theme
"Are you sure you want to delete this folder?","Biztosan törölni akarod ezt a mappát?",module,Magento_Theme
"Are you sure you want to delete this file?","Biztosan törölni akarod ezt a fájlt?",module,Magento_Theme
"File not found: ""%1"".","Fájl nem található: ""%1"".",module,Magento_Theme
label,címke,module,Magento_Theme
Copy,Másolás,module,Magento_Theme
"Browse Files","Fájlok tallózása",module,Magento_Theme
Remove,Eltávolítás,module,Magento_Theme
"%1 Item","%1 elem",module,Magento_Theme
Page,Oldal,module,Magento_Theme
Previous,Előző,module,Magento_Theme
Next, Következő,module,Magento_Theme
Close,Bezárás,module,Magento_Theme
Time,Idő,module,Magento_Theme
Hour,Óra,module,Magento_Theme
Minute,Perc,module,Magento_Theme
"Dictionary (Translation on Storefront side)","Szótár (fordítás Storefront oldalon)",module,Magento_Translation
"Embedded (Translation on Admin side)","Beágyazott (fordítás Admin oldalon)",module,Magento_Translation
None,"Egyik sem",module,Magento_Ups
Category:,Kategória:,module,Magento_UrlRewrite
Product:,Termék:,module,Magento_UrlRewrite
ID,Azonosító,module,Magento_UrlRewrite
Name,Név,module,Magento_UrlRewrite
SKU,Cikkszám,module,Magento_UrlRewrite
Status,Állapot,module,Magento_UrlRewrite
"CMS page:","CMS oldal:",module,Magento_UrlRewrite
Title,Cím,module,Magento_UrlRewrite
Reset,Alaphelyzet,module,Magento_UrlRewrite
Back,Vissza,module,Magento_UrlRewrite
Delete,Törlés,module,Magento_UrlRewrite
Save,Mentés,module,Magento_UrlRewrite
Description,Leírás,module,Magento_UrlRewrite
Custom,Egyedi,module,Magento_UrlRewrite
No,Nem ,module,Magento_UrlRewrite
Back,Vissza,module,Magento_User
Reset,Alaphelyzet,module,Magento_User
"Delete Role","Szerepkör törlése",module,Magento_User
"Save Role","Szerepkör mentése",module,Magento_User
Roles,Szerepkörök,module,Magento_User
"Add New Role","Új szerepkör hozzáadása",module,Magento_User
"User ID","Felhasználói azonosító",module,Magento_User
"User Name","Felhasználói név",module,Magento_User
"First Name",Keresztnév,module,Magento_User
"Last Name",Vezetéknév,module,Magento_User
Status,Állapot,module,Magento_User
Active,Aktív,module,Magento_User
Inactive,Inaktív,module,Magento_User
"Add New User","Új felhasználó hozzáadása",module,Magento_User
Users,Felhasználók,module,Magento_User
"Save User","Felhasználó mentése",module,Magento_User
"Delete User","Felhasználó törlése",module,Magento_User
"Edit User '%1'","'%1' felhasználó szerkesztése",module,Magento_User
"New User","Új felhasználó",module,Magento_User
"Account Information","Felhasználói fiók adatai",module,Magento_User
Password,Jelszó,module,Magento_User
"New Password","Új jelszó",module,Magento_User
"Interface Locale","Kezelőfelület nyelve",module,Magento_User
Role,Szerepkör,module,Magento_User
"Locked Users","Zárolt felhasználók",module,Magento_User
System,Rendszer,module,Magento_User
Permissions,Jogosultságok,module,Magento_User
"This user no longer exists.","Ez a felhasználó már nem létezik.",module,Magento_User
"Edit User","Felhasználó szerkesztése",module,Magento_User
"Edit Role","Szerepkör szerkesztése",module,Magento_User
"New Role","Új szerepkör",module,Magento_User
"This role no longer exists.","Ez a szerepkör már nem létezik.",module,Magento_User
"Forgot your password?","Elfelejtetted a jelszavad?",module,Magento_User
"Reset a Password","Jelszó visszaállítása",module,Magento_User
"Confirm New Password","Új jelszó megerősítése",module,Magento_User
"Reset Password","Jelszó visszaállítása",module,Magento_User
Custom,Egyedi,module,Magento_User
All,Összes,module,Magento_User
Yes,Igen,module,Magento_Usps
No,Nem ,module,Magento_Usps
Required,Kötelező,module,Magento_Usps
None,"Egyik sem",module,Magento_Usps
"Custom Variables","Egyéni változók",module,Magento_Variable
"Variable Code must be unique.","A változó kódjának egyedinek kell lennie.",module,Magento_Variable
"Validation has failed.","Az ellenőrzés sikertelen.",module,Magento_Variable
"Insert Variable...","Változó beszúrása...",module,Magento_Variable
"Not allowed parameters: %1. Please use only %2 and %3.","Nem engedélyezett paraméterek: %1. Csak %2 és %3 műveletek használhatóak.",module,Magento_Webapi
"Requested service is not available: ""%1""","A kért szolgáltatás nem elérhető: ""%1""",module,Magento_Webapi
"Operation ""%1"" not found.","""%1"" művelet nem található.",module,Magento_Webapi
"Invalid XML","Érvénytelen XML",module,Magento_Webapi
"Invalid XML: Detected use of illegal DOCTYPE","Érvénytelen XML: Illegális DOCTYPE használat észlelve",module,Magento_Webapi
"Add Tax","Adó hozzáadása",module,Magento_Weee
"Delete Tax","Adó törlése",module,Magento_Weee
"All Websites","Minden weboldal",module,Magento_Weee
Tax,Adó,module,Magento_Weee
Action,Akció,module,Magento_Weee
"Insert Widget","Felületi elem beszúrása",module,Magento_Widget
label,címke,module,Magento_Widget
Close,Bezárás,module,Magento_Widget
Widget,"Felületi elem",module,Magento_Widget
"Widget Type","Felületi elem típusa",module,Magento_Widget
"Save and Continue Edit","Mentés és szerkesztés folytatása",module,Magento_Widget
"Custom Layouts","Egyedi elrendezések",module,Magento_Widget
"Page Layouts","Oldal elrendezések",module,Magento_Widget
Type,Típus,module,Magento_Widget
"Sort Order","Rendezési sorrend",module,Magento_Widget
Categories,Kategóriák,module,Magento_Widget
"Anchor Categories","Horgony kategóriák",module,Magento_Widget
"All Product Types","Összes terméktípus",module,Magento_Widget
Products,Termékek,module,Magento_Widget
"Generic Pages","Általános oldalak",module,Magento_Widget
"All Pages","Minden oldal",module,Magento_Widget
"Specified Page","Meghatározott oldal",module,Magento_Widget
"Widget Options","Felületi elem beállítások",module,Magento_Widget
Settings,Beállítások,module,Magento_Widget
"New Widget","Új felületi elem",module,Magento_Widget
Widgets,"Felületi elemek",module,Magento_Widget
name,név,module,Magento_Widget
description,leírás,module,Magento_Widget
Template,Sablon,module,Magento_Widget
All,Összes,module,Magento_Widget
Apply,Alkalmazás,module,Magento_Widget
Page,Oldal,module,Magento_Widget
"Wish List",Kívánságlista,module,Magento_Wishlist
"Wish List Sharing","Kívánságlista megosztása",module,Magento_Wishlist
"My Wish List",Kívánságlistám,module,Magento_Wishlist
"%1's Wish List","%1 kívánságlistája",module,Magento_Wishlist
"This product(s) is out of stock.","Ez a termék nincs készleten.",module,Magento_Wishlist
"Your wish list has been shared.","A kívánságlistád megosztva.",module,Magento_Wishlist
"%1 items","%1 elem",module,Magento_Wishlist
"1 item","1 elem",module,Magento_Wishlist
Comment,Hozzászólás,module,Magento_Wishlist
"The product does not exist.","A termék nem létezik.",module,Magento_Wishlist
Message,Üzenet,module,Magento_Wishlist
"Share Wish List","Kívánságlista megosztása",module,Magento_Wishlist
"Update Wish List","Kívánságlista frissítése",module,Magento_Wishlist
"View Product","Termék megtekintése",module,Magento_Wishlist
"Add to Cart","Hozzáadás a kosárhoz",module,Magento_Wishlist
Availability,Elérhetőség,module,Magento_Wishlist
"In stock",Raktáron,module,Magento_Wishlist
"Out of stock","Nincs raktáron",module,Magento_Wishlist
Edit,Szerkesztés,module,Magento_Wishlist
"Remove Item","Elem eltávolítása",module,Magento_Wishlist
"Remove item","Elem eltávolítása",module,Magento_Wishlist
"RSS link to %1's wishlist","%1 kívánságlistájának RSS linkje",module,Magento_Wishlist
Back,Vissza,module,Magento_Wishlist
"Wish List is empty now.","A kívánságlista most üres.",module,Magento_Wishlist
"* Required Fields","* kitöltése kötelező",module,Magento_Wishlist
"Sharing Information","Megosztási információk",module,Magento_Wishlist
"Email addresses, separated by commas","Email címek, vesszővel elválasztva",module,Magento_Wishlist
"Last Added Items","Legutóbb hozzáadott termékek",module,Magento_Wishlist
"Remove This Item","Termék eltávolítása",module,Magento_Wishlist
"Go to Wish List","Tovább a kívánságlistához",module,Magento_Wishlist
"You have no items in your wish list.","Nincsenek termékek a kívánságlistádban.",module,Magento_Wishlist
Total:,Végösszeg:,module,Magento_Checkout
Cancel,Mégse,module,Magento_Catalog
"Create Category","Kategória létrehozása",module,Magento_Catalog
"Incl. Tax",Adóval,module,Magento_ConfigurableProduct
"Add Products","Termékek hozzáadása",module,Magento_Sales
"Use HTTPS to Get Feed","HTTPS használata hírcsatornához",module,Magento_AdminNotification
"Update Frequency","Frissítési gyakoriság",module,Magento_AdminNotification
"Last Update","Utolsó frissítés",module,Magento_AdminNotification
Severity,Súlyosság,module,Magento_AdminNotification
"Date Added","Hozzáadás dátuma",module,Magento_AdminNotification
Message,Üzenet,module,Magento_AdminNotification
Actions,Műveletek,module,Magento_AdminNotification
Title,Cím,module,Magento_Authorizenet
"Default Country","Alapértelmezett ország",module,Magento_Backend
Country,Ország,module,Magento_Backend
"ZIP/Postal Code",Irányítószám,module,Magento_Backend
City,Város,module,Magento_Backend
Description,Leírás,module,Magento_Backend
Delete,Törlés,module,Magento_Backup
Name,Név,module,Magento_Backup
Type,Típus,module,Magento_Backup
Action,Akció,module,Magento_Backup
Title,Cím,module,Magento_Braintree
"Enable CAPTCHA in Admin","CAPTCHA engedélyezése az Adminban",module,Magento_Captcha
Font,Betűtípus,module,Magento_Captcha
Forms,Űrlapok,module,Magento_Captcha
"Displaying Mode","Megjelenítési mód",module,Magento_Captcha
"Number of Unsuccessful Attempts to Login","Sikertelen kisérletek száma a belépéshez",module,Magento_Captcha
"If 0 is specified, CAPTCHA on the Login form will be always available.","Ha 0 van megadva, a bejelentkezési űrlapon  a CAPTCHA mindig elérhető lesz.",module,Magento_Captcha
"CAPTCHA Timeout (minutes)","CAPTCHA időtúllépés (perc)",module,Magento_Captcha
"Number of Symbols","Szimbólumok száma",module,Magento_Captcha
"Symbols Used in CAPTCHA","CAPTCHA-ban használt szimbólumok",module,Magento_Captcha
"Case Sensitive","Kis- és nagybetű érzékeny",module,Magento_Captcha
"Enable CAPTCHA on Storefront","CAPTCHA engedélyezése a Storefronton",module,Magento_Captcha
"CAPTCHA for ""Create user"" and ""Forgot password"" forms is always enabled if chosen.","A CAPTCHA a ""Felhasználó létrehozása"" és az ""Elfelejtettem a jelszavamat"" űrlapokhoz mindig engedélyezve van, ha ki van választva.",module,Magento_Captcha
"Manage Stock","Készlet kezelése",module,Magento_CatalogInventory
"Enable Terms and Conditions","Általános Szerződési Feltételek engedélyezése",module,Magento_CheckoutAgreements
"Checkout Options","Fizetési lehetőségek",module,Magento_Checkout
"Enable Onepage Checkout","Egyoldalas fizetés engedélyezése",module,Magento_Checkout
"Allow Guest Checkout","Vendég fizetés engedélyezése",module,Magento_Checkout
"My Cart Link","Kosaram link",module,Magento_Checkout
"Shipping Address","Szállítási cím",module,Magento_Checkout
"Cart Subtotal","Kosár részösszeg",module,Magento_Checkout
"Not yet calculated","Nincs kiszámítva",module,Magento_Checkout
"Thank you for your purchase!","Köszönjük a vásárlást!",module,Magento_Checkout
ID,Azonosító,module,Magento_ConfigurableProduct
Contacts,Névjegyek,module,Magento_Contact
"Contact Us","Lépj velünk kapcsolatba",module,Magento_Contact
"Enable Contact Us","Lépj velünk kapcsolatba engedélyezése",module,Magento_Contact
"Email Options","Email beállítások",module,Magento_Contact
"Email Sender","Email feladója",module,Magento_Contact
"Email Template","Email sablon",module,Magento_Contact
"Generate Schedules Every","Ütemezések létrehozása minden",module,Magento_Cron
"Use Separate Process","Külön eljárások használata",module,Magento_Cron
"Tax Calculation Based On","Adó kiszámítása",module,Magento_Customer
"Recovery Link Expiration Period (days)","Helyreállítási link lejárati idő (nap)",module,Magento_Customer
"Show Tax/VAT Number","Adószám megjelenítése",module,Magento_Customer
"Address Templates","Cím sablonok",module,Magento_Customer
"First Name",Keresztnév,module,Magento_Customer
"Last Name",Vezetéknév,module,Magento_Customer
Type,Típus,module,Magento_Customer
"Workflow type","Munkafolyamat típus",module,Magento_Developer
"Not available in production mode","Éles üzemmódban nem elérhető",module,Magento_Developer
"Developer Client Restrictions","Fejlesztői kliens korlátozások",module,Magento_Developer
"Allowed IPs (comma separated)","Engedélyezett IP címek (vesszővel elválasztva)",module,Magento_Developer
"Leave empty for access from any location.","Hagyd üresen, hogy bárhonnan hozzáférj.",module,Magento_Developer
"Gateway URL","Átjáró URL",module,Magento_Dhl
Title,Cím,module,Magento_Dhl
Password,Jelszó,module,Magento_Dhl
"Content Type",Tartalomtípus,module,Magento_Dhl
"Calculate Handling Fee","Kezelési költség kiszámítása",module,Magento_Dhl
"Handling Fee","Kezelési költség",module,Magento_Dhl
"Weight Unit","Súly mértékegység",module,Magento_Dhl
Size,Méret,module,Magento_Dhl
"Displayed Error Message","Megjelenített hibaüzenet",module,Magento_Dhl
"Ship to Specific Countries","Szállítás megadott országokba",module,Magento_Dhl
"Sort Order","Rendezési sorrend",module,Magento_Dhl
Debug,Hibakeresés,module,Magento_Dhl
"Base Currency","Alap pénznem",module,Magento_Directory
Frequency,Gyakoriság,module,Magento_Directory
"No Templates Found","Nem találhatóak sablonok",module,Magento_Email
ID,Azonosító,module,Magento_Email
Added,Hozzáadva,module,Magento_Email
Updated,Frissítve,module,Magento_Email
Subject,Tárgy,module,Magento_Email
"Template Type","Sablon típusa",module,Magento_Email
Action,Akció,module,Magento_Email
Title,Cím,module,Magento_Fedex
Password,Jelszó,module,Magento_Fedex
"Calculate Handling Fee","Kezelési költség kiszámítása",module,Magento_Fedex
"Handling Fee","Kezelési költség",module,Magento_Fedex
"Displayed Error Message","Megjelenített hibaüzenet",module,Magento_Fedex
Description,Leírás,module,Magento_Indexer
Status,Állapot,module,Magento_Indexer
Status,Állapot,module,Magento_Integration
"Layered Navigation","Réteges navigáció",module,Magento_LayeredNavigation
Options,Opciók,module,Magento_Multishipping
"Review Order","Rendelés áttekintése",module,Magento_Multishipping
Status,Állapot,module,Magento_Newsletter
Delete,Törlés,module,Magento_Newsletter
Type,Típus,module,Magento_Newsletter
Guest,Vendég,module,Magento_Newsletter
Customer,Vásárló,module,Magento_Newsletter
Enabled,Engedélyezett,module,Magento_OfflinePayments
"Sort Order","Rendezési sorrend",module,Magento_OfflinePayments
Title,Cím,module,Magento_OfflinePayments
Instructions,Utasítások,module,Magento_OfflinePayments
"Flat Rate",Átalány,module,Magento_OfflineShipping
Price,Ár,module,Magento_OfflineShipping
"Calculate Handling Fee","Kezelési költség kiszámítása",module,Magento_OfflineShipping
"Handling Fee","Kezelési költség",module,Magento_OfflineShipping
Title,Cím,module,Magento_OfflineShipping
Type,Típus,module,Magento_OfflineShipping
"Displayed Error Message","Megjelenített hibaüzenet",module,Magento_OfflineShipping
Export,Exportálás,module,Magento_OfflineShipping
Import,Importálás,module,Magento_OfflineShipping
"Minimum Order Amount","Minimális rendelési összeg",module,Magento_OfflineShipping
"Full page caching.","Teljes oldal gyorstárazás.",module,Magento_PageCache
Size,Méret,module,Magento_Paypal
Title,Cím,module,Magento_Paypal
"Advanced Settings","Haladó beállítások",module,Magento_Paypal
Password,Jelszó,module,Magento_Paypal
"General Options","Általános beállítások",module,Magento_Persistent
"Enable ""Remember Me""","""Emlékezz rám"" engedélyezése",module,Magento_Persistent
Frequency,Gyakoriság,module,Magento_ProductAlert
Dashboard,Vezérlőpult,module,Magento_Reports
Average,Átlagos,module,Magento_Reports
Guest,Vendég,module,Magento_Reports
Action,Akció,module,Magento_Reports
Description,Leírás,module,Magento_Reports
"RSS Feeds","RSS hírcsatornák",module,Magento_Rss
Address,Cím,module,Magento_Sales
"Minimum Order Amount","Minimális rendelési összeg",module,Magento_Sales
Dashboard,Vezérlőpult,module,Magento_Sales
Name,Név,module,Magento_Sales
"Print Shipping Labels","Szállítási címkék nyomtatása",module,Magento_Sales
"Email Templates","Email sablonok",module,Magento_SendFriend
"Shipping Settings","Szállítási beállítások",module,Magento_Shipping
Origin,Származás,module,Magento_Shipping
Country,Ország,module,Magento_Shipping
"ZIP/Postal Code",Irányítószám,module,Magento_Shipping
City,Város,module,Magento_Shipping
"Shipping Methods","Szállítási módok",module,Magento_Shipping
ID,Azonosító,module,Magento_Sitemap
Action,Akció,module,Magento_Sitemap
Layouts,Elrendezések,module,Magento_Store
"Calculation Settings","Számítási beállítások",module,Magento_Tax
"Tax Calculation Based On","Adó kiszámítása",module,Magento_Tax
"Catalog Prices","Katalógus árak",module,Magento_Tax
"Shipping Prices","Szállítási költségek",module,Magento_Tax
"Default Country","Alapértelmezett ország",module,Magento_Tax
"Default Post Code","Alapértelmezett irányítószám",module,Magento_Tax
"Price Display Settings","Ár megjelenítési beállítások",module,Magento_Tax
"Display Shipping Prices","Szállítási költségek megjelenítése",module,Magento_Tax
"Shopping Cart Display Settings","Kosár megjelenítési beállítások",module,Magento_Tax
"Display Prices","Árak megjelenítése",module,Magento_Tax
"Display Subtotal","Részösszeg megjelenítése",module,Magento_Tax
"Display Shipping Amount","Szállítási költség megjelenítése",module,Magento_Tax
"Orders, Invoices, Credit Memos Display Settings","Rendelések, számlák, hitel feljegyzések megjelenítési beállítások",module,Magento_Tax
Empty,Üres,module,Magento_Theme
"1 column","1 oszlop",module,Magento_Theme
"Favicon Icon","Favicon ikon",module,Magento_Theme
"Default Title","Alapértelmezett Cím",module,Magento_Theme
"Title Prefix","Cím előtag",module,Magento_Theme
"Title Suffix","Cím utótag",module,Magento_Theme
"Default Description","Alapértelmezett leírás",module,Magento_Theme
"Default Keywords","Alapértelmezett kulcsszavak",module,Magento_Theme
"Search Engine Robots","Kereső robotok",module,Magento_Theme
Header,Fejléc,module,Magento_Theme
"Logo Image","Logo kép",module,Magento_Theme
"Welcome Text","Üdvözlő szöveg",module,Magento_Theme
Footer,Lábléc,module,Magento_Theme
"Default welcome msg!","Alapértelmezett üdvözlő üzenet!",module,Magento_Theme
"2 columns with left bar","2 oszlop bal oldalsávval",module,Magento_Theme
"2 columns with right bar","2 oszlop jobb oldalsávval",module,Magento_Theme
"3 columns","3 oszlop",module,Magento_Theme
"Translation Strategy","Fordítási stratégia",module,Magento_Translation
Translations,Fordítások,module,Magento_Translation
"Calculate Handling Fee","Kezelési költség kiszámítása",module,Magento_Ups
"Handling Fee","Kezelési költség",module,Magento_Ups
Password,Jelszó,module,Magento_Ups
Title,Cím,module,Magento_Ups
"Displayed Error Message","Megjelenített hibaüzenet",module,Magento_Ups
Action,Akció,module,Magento_UrlRewrite
Edit,Szerkesztés,module,Magento_UrlRewrite
"Password Lifetime (days)","Jelszó élettartama (nap)",module,Magento_User
Unlock,Feloldás,module,Magento_User
ID,Azonosító,module,Magento_User
Username,Felhasználónév,module,Magento_User
"Last login","Utolsó bejelentkezés",module,Magento_User
Title,Cím,module,Magento_Usps
Password,Jelszó,module,Magento_Usps
Size,Méret,module,Magento_Usps
Width,Szélesség,module,Magento_Usps
Height,Magasság,module,Magento_Usps
"Calculate Handling Fee","Kezelési költség kiszámítása",module,Magento_Usps
"Handling Fee","Kezelési költség",module,Magento_Usps
"Displayed Error Message","Megjelenített hibaüzenet",module,Magento_Usps
"SOAP Settings","SOAP beállítások",module,Magento_Webapi
"If empty, UTF-8 will be used.","Ha üres, UTF-8 lesz használva.",module,Magento_Webapi
"Web Services Configuration","Webszolgáltatás konfiguráció",module,Magento_Webapi
"Share Options","Megosztási beállítások",module,Magento_Wishlist
"Email Sender","Email feladója",module,Magento_Wishlist
"Email Template","Email sablon",module,Magento_Wishlist
"General Options","Általános beállítások",module,Magento_Wishlist
Enabled,Engedélyezve,module,Magento_Wishlist
"My Wish List Link","Kívánságlistám linkje",module,Magento_Wishlist
Quantity,Mennyiség,module,Magento_Wishlist
"Add Date","Dátum hozzáadása",module,Magento_Wishlist
Action,Akció,module,Magento_Wishlist
Configure,Konfigurálás,module,Magento_Wishlist
Delete,Törlés,module,Magento_Wishlist
Summary,Összefoglaló,theme,frontend/Magento/blank
